6f9992c486195edcf0bf2f6ee6c3ec74,PE32 executable (GUI) Intel 80386 for MS Windows,0
8e8622c393d7e832d39e620ead5d3b49,PE32 executable (GUI) Intel 80386 for MS Windows,0
cf9c2d5a8fbdd1c5adc20cfc5e663c21,PE32 executable (GUI) Intel 80386 for MS Windows,0
50f35b7c86aede891a72fcb85f06b0b7,PE32 executable (GUI) Intel 80386 for MS Windows,0
9e860622fee66074dfe81dcfcc40c4e2,PE32 executable (DLL) (GUI) Intel 80386 for MS Windows,0
70a55fdc712c6e31e013e6b5d412b0d6,PE32 executable (GUI) Intel 80386 for MS Windows,0
1ce4605e771a04e375e0d1083f183e8e,PE32 executable (GUI) Intel 80386 for MS Windows,0
225e33508861984dd2a774760bfdfc52,PE32 executable (GUI) Intel 80386 for MS Windows,0
1ea61a0945bde3c6f41e12bc01928d37,PE32 executable (GUI) Intel 80386 for MS Windows,0
3120fc8630c5252002f26f6e11b09eca,PE32 executable (GUI) Intel 80386 for MS Windows,0
d16947b200afa74a917f055597b772c0,PE32 executable (GUI) Intel 80386 for MS Windows,0
41a5d40ecc735172b18b61e01a30a178,PE32 executable (console) Intel 80386 for MS Windows,0
f4ed3b7a8a58453052db4b5be3707342,PE32 executable (GUI) Intel 80386 for MS Windows,0
3de1bd0f2107198931177b2b23877df4,PE32 executable (GUI) Intel 80386 for MS Windows,0
a5d4ebc0285f0213e0c29d23bc410889,PE32 executable (GUI) Intel 80386 for MS Windows,0
476fea8761a03bef16e322996c2f6666,PE32 executable (GUI) Intel 80386 for MS Windows,0
270d42f292105951ee81e4085ea45054,PE32 executable (GUI) Intel 80386 for MS Windows,0
fab6b0b33d59f393e142000f128a9652,PE32 executable (GUI) Intel 80386 for MS Windows,0
f627990bbe2ec5c48c180f724490c332,PE32 executable (GUI) Intel 80386 for MS Windows,0
0dd3677594632ce270bcf8af94819caf,PE32 executable (GUI) Intel 80386 for MS Windows,0
d271ae0f4e9230af3b61eafe7f671fde,PE32 executable (GUI) Intel 80386 for MS Windows,0
0d0240672a314a7547d328f824642da8,PE32 executable (DLL) (GUI) Intel 80386 for MS Windows,0
1f92ff8711716ca795fbd81c477e45f5,PE32 executable (GUI) Intel 80386 for MS Windows,0
3c1b2fabb7d74bc5be0820eae4107f8a,PE32 executable (GUI) Intel 80386 for MS Windows,0
a565682d8a13a5719977223e0d9c7aa4,PE32 executable (DLL) (GUI) Intel 80386 for MS Windows,0
f8437e44748d2c3fcf84019766f4e6dc,PE32 executable (GUI) Intel 80386 for MS Windows,0
785003a405bc7a4ebcbb21ddb757bf3f,PE32 executable (GUI) Intel 80386 for MS Windows,0
e1b6940985a23e5639450f8391820655,PE32 executable (DLL) (GUI) Intel 80386 for MS Windows,0
bac2e89bd92ce23e1e93a63d26dea01a,PE32 executable (console) Intel 80386 for MS Windows,0
2c49f47c98203b110799ab622265f4ef,PE32 executable (GUI) Intel 80386 for MS Windows,0
c39e272e9ea15d61e0c8e6b749a1ad46,PE32 executable (GUI) Intel 80386 for MS Windows,0
650a6fca433ee243391e4b4c11f09438,PE32 executable (GUI) Intel 80386 for MS Windows,0
77fbfed235d6062212a3e43211a5706e,PE32 executable (GUI) Intel 80386 for MS Windows,0
6ebd05a02459d3b22a9d4a79b8626bf1,PE32 executable (GUI) Intel 80386 for MS Windows,0
1e314c972075b8058099fd8759c11ce8,PE32 executable (GUI) Intel 80386 for MS Windows,0
ef8e0fb20e7228c7492ccdc59d87c690,PE32 executable (DLL) (GUI) Intel 80386 for MS Windows,0
989b797c2a63fbfc8e1c6e8a8ccd6204,PE32 executable (GUI) Intel 80386 for MS Windows,0
b74022a7b9b63fdc541ae0848b28a962,PE32 executable (GUI) Intel 80386 for MS Windows,0
9ea3c16194ce354c244c1b74c46cd92e,PE32 executable (GUI) Intel 80386 for MS Windows,0
5bcaa2f4bc7567f6ffd5507a161e221a,PE32 executable (GUI) Intel 80386 for MS Windows,0
af2745e8888f2ba17a9cf2e0779d3874,PE32 executable (GUI) Intel 80386 for MS Windows,0
b3848edbabfbce246a9faf5466e743bf,PE32 executable (DLL) (GUI) Intel 80386 for MS Windows,0
2dd892986b2249b5214639ecc8ac0223,PE32 executable (GUI) Intel 80386 for MS Windows,0
24259ae8b0018b0ce9992fb1d9b69e2a,PE32 executable (GUI) Intel 80386 for MS Windows,0
36d5c8fc4b14559f73b6136d85b94198,PE32 executable (GUI) Intel 80386 for MS Windows,0
88dbcc682635b4013bcba5ad28bb976b,PE32 executable (GUI) Intel 80386 for MS Windows,0
3e87051b1dc3463f378c7e1fe398dc7d,PE32 executable (GUI) Intel 80386 for MS Windows,0
d34e357461c55d90c52309c1ff952b4c,PE32 executable (GUI) Intel 80386 for MS Windows,0
2b659d71ae168e774faaf38db30f4a84,PE32 executable (GUI) Intel 80386 for MS Windows,0
523f56515221161579ee6090c962e5b1,PE32 executable (GUI) Intel 80386 for MS Windows,0
831a67dc75e2d4505180888747bc8ea9,PE32 executable (GUI) Intel 80386 for MS Windows,0
53b263dd41838aa178a5ced338a207f3,PE32 executable (GUI) Intel 80386 for MS Windows,0
9f11bc08af048c5c3a110e567082fe0b,PE32 executable (GUI) Intel 80386 for MS Windows,0
d2f1be7e10ed39aa8bc0f7f671d824d2,PE32 executable (GUI) Intel 80386 for MS Windows,0
30e78d186b27d2023a2a7319bb679c3f,PE32 executable (GUI) Intel 80386 for MS Windows,0
165ef79e7caa806f13f82cc2bbf3dedd,PE32 executable (GUI) Intel 80386 for MS Windows,0
277964807a66aeeb6bd81dbfcaa3e4e6,PE32 executable (DLL) (console) Intel 80386 for MS Windows,0
db50416d9e67f4982e89e0ffb0ade6f3,PE32 executable (GUI) Intel 80386 for MS Windows,0
1415eb8519d13328091cc5c76a624e3d,PE32 executable (GUI) Intel 80386 for MS Windows,0
ba0c4d3dbf07d407211b5828405a9b91,PE32 executable (GUI) Intel 80386 for MS Windows,0
57f98d16ac439a11012860f88db21831,PE32 executable (GUI) Intel 80386 for MS Windows,0
c91eacab7655870764d13ba741aa9a73,PE32 executable (GUI) Intel 80386 for MS Windows,0
4b19a2a6d40a5825e868c6ef25ae445e,PE32 executable (GUI) Intel 80386 for MS Windows,0
bf0ee4367ea32f8e3b911c304258e439,PE32 executable (GUI) Intel 80386 for MS Windows,0
6a4fbcfb44717eae2145c761c1c99b6a,PE32+ executable (native) x86-64 for MS Windows,0
5d8129be965fab8115eca34fc84bd7f0,PE32 executable (GUI) Intel 80386 for MS Windows,0
fcdaa67e33357f64bc4ce7b57491fc53,PE32 executable (GUI) Intel 80386 for MS Windows,0
b5e9ce72771217680efaeecfafe3da3f,PE32 executable (GUI) Intel 80386 for MS Windows,0
d22863c5e6f098a4b52688b021beef0a,PE32 executable (GUI) Intel 80386 for MS Windows,0
933b11bc4799f8d9f65466fb2e3ea659,PE32 executable (GUI) Intel 80386 for MS Windows,0
973f4a238d6d19bdc7b42977b07b9cef,PE32 executable (GUI) Intel 80386 for MS Windows,0
5ff3269faca4a67d1a4c537154aaad4b,PE32 executable (GUI) Intel 80386 for MS Windows,0
da383cc098a5ea8fbb87643611e4bfb6,PE32 executable (DLL) (GUI) Intel 80386 for MS Windows,0
