file_type,id
unknown,0
PE32 executable (GUI) Intel 80386 for MS Windows,1
HTML document ISO-8859 text with very long lines with CRLF LF line terminators,2
PE32 executable (GUI) Intel 80386 (stripped to external PDB) for MS Windows,3
PE32 executable (GUI) Intel 80386 for MS Windows Nullsoft Installer self-extracting archive,4
PE32 executable (DLL) (GUI) Intel 80386 for MS Windows,5
PE32 executable (GUI) Intel 80386 for MS Windows UPX compressed,6
data,7
HTML document Non-ISO extended-ASCII text with very long lines with CRLF line terminators,8
PE32 executable (GUI) Intel 80386 (stripped to external PDB) for MS Windows UPX compressed,9
MS-DOS executable MZ for MS-DOS,10
HTML document ISO-8859 text with very long lines with CRLF line terminators,11
PE32 executable (console) Intel 80386 for MS Windows,12
HTML document ASCII text with very long lines with CRLF line terminators,13
PE32+ executable (DLL) (GUI) x86-64 for MS Windows,14
HTML document UTF-8 Unicode text with very long lines,15
HTML document UTF-8 Unicode text with very long lines with CRLF LF line terminators,16
PE32 executable (console) Intel 80386 Mono/.Net assembly for MS Windows,17
HTML document ASCII text,18
MS-DOS executable,19
HTML document ASCII text with very long lines with CRLF LF line terminators,20
PE32+ executable (GUI) x86-64 for MS Windows,21
PE32 executable (GUI) Intel 80386 for MS Windows RAR self-extracting archive,22
HTML document ASCII text with very long lines,23
PE Unknown PE signature 0x0 (GUI) Unknown processor type 0x1d9a for MS Windows,24
PE32 executable (DLL) (console) Intel 80386 Mono/.Net assembly for MS Windows,25
PE32 executable (GUI) Intel 80386 (stripped to external PDB) for MS Windows Nullsoft Installer self-extracting archive,26
HTML document Non-ISO extended-ASCII text with very long lines with CRLF LF line terminators,27
PE32+ executable (console) x86-64 for MS Windows,28
HTML document ASCII text with very long lines with no line terminators,29
PE32 executable (GUI) Intel 80386 for MS Windows LHa self-extracting archive,30
dBase IV DBT of ringX\020\001.DBF blocks size 1951598090 next free block index 69636 1st item "\002",31
PE32 executable (GUI) Intel 80386 Mono/.Net assembly for MS Windows,32
Java Jar file data (zip),33
Zip archive data at least v2.0 to extract,34
PE32+ executable (native) x86-64 for MS Windows,35
XML document text,36
SysEx File -,37
HTML document UTF-8 Unicode text with very long lines with CRLF CR LF line terminators,38
HTML document ISO-8859 text with very long lines with CRLF CR LF line terminators,39
HTML document ASCII text with CRLF line terminators,40
HTML document ISO-8859 text with CRLF line terminators,41
MS Windows icon resource - 1 icon,42
HTML document ISO-8859 text with very long lines with CRLF NEL line terminators,43
PE32 executable (DLL) (console) Intel 80386 for MS Windows,44
HTML document UTF-8 Unicode text with very long lines with CRLF CR line terminators,45
HTML document ISO-8859 text with very long lines,46
assembler source text,47
PE32 executable (console) Intel 80386 (stripped to external PDB) for MS Windows,48
MGR bitmap old format 1-bit deep 16-bit aligned,49
HTML document UTF-8 Unicode (with BOM) text,50
ASCII text with very long lines,51
PE32 executable (GUI) Intel 80386 for MS Windows MS CAB-Installer self-extracting archive,52
Netpbm PBM "rawbits" image data,53
dBase IV DBT blocks size 4304976 next free block index 4295280 1st item "\331\030\342\320'1?\210\262\210Z\234\201\201i#<\375d\253X\3476\035Z\304\3261m\342\3634\372\003\020\200\033\314\033\354\251\034d\206\3622\1772\351\217Kr\372\372\313\270v\364\214\221:c\324",54
PE32 executable (GUI) Intel 80386 for MS Windows PECompact2 compressed,55
ELF 32-bit MSB  executable PowerPC or cisco 4500 version 1 (SYSV) statically linked not stripped,56
HTML document ISO-8859 text with very long lines with no line terminators,57
PE32 executable (DLL) (console) Intel 80386 (stripped to external PDB) for MS Windows,58
PE32 executable (native) Intel 80386 for MS Windows,59
PE32 executable (DLL) (GUI) Intel 80386 (stripped to external PDB) for MS Windows,60
HTML document UTF-8 Unicode (with BOM) text with very long lines,61
HTML document UTF-8 Unicode (with BOM) text with very long lines with CRLF CR LF line terminators,62
DOS batch file ASCII text with very long lines with CRLF line terminators,63
PE32 executable (GUI) Intel 80386 for MS Windows InstallShield self-extracting archive,64
DOS executable (COM),65
HTML document UTF-8 Unicode (with BOM) text with very long lines with CRLF line terminators,66
PE32 executable (GUI) Intel 80386 for MS Windows AIN 2.x self-extracting archive,67
HTML document UTF-8 Unicode text with very long lines with CRLF line terminators,68
exported SGML document ASCII text with very long lines with CRLF LF line terminators,69
PE32+ executable (DLL) (native) x86-64 for MS Windows,70
COM executable for DOS,71
RAR archive data v1d flags: Locked os: Win32,72
Zip archive data at least v1.0 to extract,73
HTML document ASCII text with very long lines with CRLF CR LF line terminators,74
UTF-8 Unicode text with very long lines with CRLF LF line terminators,75
HTML document UTF-8 Unicode text with CRLF LF line terminators,76
PE32 executable (GUI) Intel 80386 for MS Windows UPX compressed Nullsoft Installer self-extracting archive,77
PE32 executable (GUI) Unknown processor type 0x0 for MS Windows,78
RAR archive data v1d os: Win32,79
HTML document ISO-8859 text with very long lines with CRLF CR line terminators,80
HTML document UTF-8 Unicode (with BOM) text with CR line terminators,81
dBase IV DBT of ringX\020@.DBF blocks size 1951598090 next free block index 4198404 1st item "\211\030\211\006B\203\372du\354\213\006\213\020\211\026^[\303\220\211",82
HTML document Non-ISO extended-ASCII text with very long lines,83
dBase IV DBT of ringX\020\001.DBF blocks size 1951598090 next free block index 69636 1st item "\001",84
ASCII text with CRLF line terminators,85
HTML document UTF-8 Unicode (with BOM) text with very long lines with CRLF LF line terminators,86
HTML document UTF-8 Unicode (with BOM) text with CRLF line terminators,87
dBase IV DBT of ringX\020@.DBF blocks size 1951598090 next free block index 4198404 1st item "\377%D\321A",88
dBase IV DBT of ringX\020@.DBF blocks size 1953695242 next free block index 4198404 1st item "\377%\034\323A",89
MS Windows shortcut Item id list present ctime=Sun Dec 31 17:16:36 1600 mtime=Sun Dec 31 17:16:36 1600 atime=Sun Dec 31 17:16:36 1600 length=0 window=hide,90
gzip compressed data from FAT filesystem (MS-DOS OS/2 NT) max speed,91
dBase IV DBT of ringX\020@.DBF blocks size 1951598090 next free block index 4198404 1st item "\213\330\350\235\377\377\377\205\300u\0053\300^[\303\213\026\211P\010\213V\004\211P\014\213\023\211\020\211X\004\211B\004\211\003\260\001^[\303\213P\004\213\010\211",92
dBase IV DBT of ringX\020@.DBF blocks size 1951598090 next free block index 4198404 1st item "\004\303\213\300SV\213\362\213\330\350\235\377\377\377\205\300u\0053\300^[\303\213\026\211P\010\213V\004\211P\014\213\023\211\020\211X\004\211B\004\211\003\260\001^[\303\213P\004\213\010\211",93
PE32 executable (console) Intel 80386 for MS Windows ARJ self-extracting archive,94
Bourne-Again shell script ASCII text executable,95
dBase IV DBT of \264'.DBF blocks size 10142 next free block index 10130 1st item "\366\037|\311FI\250Q\360\2559\260"\035\031\345\262\036\021\326V\251\260\206v\035\333^v\352\307\357VhI\006f~\370\215fB\366@\365N\244\3222\250\026\332\365\2402\2736\340\373\335u\213i",96
DOS batch file ISO-8859 text with CRLF line terminators,97
ASCII text with very long lines with CRLF line terminators,98
MS Windows COFF PA-RISC object file,99
HTML document Non-ISO extended-ASCII text with very long lines with CRLF CR LF line terminators,100
Applesoft BASIC program data first line number 3,101
PE32+ executable (GUI) Intel 80386 Mono/.Net assembly for MS Windows,102
raw G3 data,103
TeX font metric data (P\270B\204),104
HTML document Non-ISO extended-ASCII text with very long lines with CRLF NEL line terminators,105
ASCII text with no line terminators,106
HTML document UTF-8 Unicode text with very long lines with CR LF line terminators,107
HTML document Non-ISO extended-ASCII text with LF NEL line terminators,108
RAR archive data v1d flags: Locked Solid os: Win32,109
dBase IV DBT of ringX\020@.DBF blocks size 1951598090 next free block index 4198404 1st item "hD\006",110
HTML document ISO-8859 text with very long lines with LF NEL line terminators,111
ASCII text with very long lines with CR LF line terminators,112
PE32 executable (GUI) Intel 80386 system file for MS Windows,113
HTML document UTF-8 Unicode text with very long lines with no line terminators,114
PE32 executable (console) Intel 80386 (stripped to external PDB) for MS Windows UPX compressed,115
HTML document Non-ISO extended-ASCII text with very long lines with CRLF CR line terminators,116
ASCII text with CRLF LF line terminators,117
JPEG image data JFIF standard 1.01,118
HTML document UTF-8 Unicode text with CRLF line terminators,119
HTML document ASCII text with CRLF LF line terminators,120
PE32 executable (GUI) Intel 80386 (stripped to external PDB) Mono/.Net assembly for MS Windows,121
8086 relocatable (Microsoft),122
HTML document Non-ISO extended-ASCII text with CRLF LF line terminators,123
PE32 executable (DLL) (GUI) Intel 80386 for MS Windows AIN 2.x self-extracting archive,124
PNG image data 256 x 256 8-bit/color RGBA non-interlaced,125
PC bitmap Windows 3.x format 90 x 133 x 24,126
DOS batch file Non-ISO extended-ASCII text with CRLF line terminators,127
HTML document Non-ISO extended-ASCII text with very long lines with CRLF LF NEL line terminators,128
Sun disk label '\200' 7694 rpm 16304 phys cys 6221 alts/cyl 3457 interleave 17132 data cyls 17123 alt cyls 11665 heads/partition 2020882073 blocks,129
Non-ISO extended-ASCII text with LF NEL line terminators,130
dBase IV DBT of ringX\020@.DBF blocks size 1951598090 next free block index 4198404 1st item "\377%D\301A",131
dBase IV DBT of ringX\020@.DBF blocks size 1951598090 next free block index 4198404 1st item "\377%8\301A",132
PE32 executable (console) Intel 80386 for MS Windows UPX compressed,133
Sendmail frozen configuration  - version T\267,134
HTML document ISO-8859 text with very long lines with CR line terminators,135
HTML document UTF-8 Unicode text with very long lines with CRLF LF line terminators with overstriking,136
ISO-8859 text with very long lines,137
POSIX tar archive,138
JPEG image data JFIF standard 1.02,139
ASCII text with very long lines with CRLF LF line terminators,140
dBase IV DBT of ringX\020@.DBF blocks size 1951598090 next free block index 4198404 1st item "\377%\314aY",141
HTML document UTF-8 Unicode text with CRLF CR LF line terminators,142
DOS batch file ASCII text with very long lines with CRLF LF line terminators,143
Dyalog APL,144
dBase IV DBT of ringX\020@.DBF blocks size 1951598090 next free block index 4198404 1st item "\377%8\021B",145
Composite Document File V2 Document Little Endian Os: Windows Version 5.2 Code page: 1252 Title: Installation Database Subject: Scans your computer for malicious and potentially unwanted software Author: C-Net Media Keywords: spyware antispyware Comments: This installer database contains the logic and data required to install EvidenceEraser. Template: Intel;1033 Revision Number: {167ABC8C-E854-4896-AB5A-E527FD8CADF0} Create Time/Date: Tue Sep  9 11:56:30 2008 Last Saved Time/Date: Tue Sep  9 11:56:30 2008 Number of Pages: 200 Number of Words: 2 Name of Creating Application: Windows Installer XML (3.0.4311.0) Security: 2,146
Sendmail frozen configuration  - version r\321\011,147
RAR archive data v14 os: Win32,148
dBase IV DBT of ringX\020@.DBF blocks size 1951598090 next free block index 4198404 1st item "\377%d\341A",149
SYMMETRY i386 .o not stripped,150
Sendmail frozen configuration  - version \266\002,151
DOS executable (block device driver ?`~Hcontrol strings-support),152
dBase IV DBT of ringX\020@.DBF blocks size 1951598090 next free block index 4198404 1st item "\377%\034QA",153
dBase IV DBT of ringX\020@.DBF blocks size 1951598090 next free block index 4198404 1st item "\377%0qA",154
Sendmail frozen configuration  - version \323,155
HTML document Non-ISO extended-ASCII text with very long lines with LF NEL line terminators,156
dBase IV DBT of ringX\020@.DBF blocks size 1951598090 next free block index 4198404 1st item "\213]",157
POSIX tar archive (GNU),158
HTML document ISO-8859 text,159
HTML document ISO-8859 text with CRLF LF line terminators,160
Sendmail frozen configuration  - version \366K,161
PC bitmap Windows 3.x format 74 x 71 x 24,162
HTML document ISO-8859 text with very long lines with CRLF LF line terminators with overstriking,163
PE Unknown PE signature 0x0 (GUI) Unknown processor type 0x0 for MS Windows,164
GeoSwath RDF,165
DOS executable (block device driver\177Hcontrol strings-support),166
HTML document UTF-8 Unicode text with very long lines with CRLF LF NEL line terminators,167
HTML document UTF-8 Unicode text,168
dBase IV DBT of ringX\020@.DBF blocks size 1951598090 next free block index 4198404 1st item "\213\303\377\025\004\300@",169
HTML document ISO-8859 text with no line terminators,170
HTML document Non-ISO extended-ASCII text with very long lines with CRLF CR LF NEL line terminators,171
dBase IV DBT of ringX\020@.DBF blocks size 1951598090 next free block index 4198404 1st item "\250\377\377\377\213\310\205\311u\0053\300^[\303\241\334\365@",172
DOS batch file ASCII text with CRLF line terminators,173
PE32 executable (DLL) (GUI) Intel 80386 (stripped to external PDB) system file for MS Windows,174
PE32 executable (GUI) Intel 80386 (stripped to external PDB) system file for MS Windows,175
ELF 32-bit LSB  executable ARM EABI5 version 1 (SYSV) statically linked for GNU/Linux 2.6.16 not stripped,176
dBase IV DBT of ringX\020@.DBF blocks size 1951598090 next free block index 4198404 1st item "\377%\320\201B",177
ASCII text,178
Dalvik dex file version 035,179
compiled Java class data version 47.0 (Java 1.3),180
PE32 executable (GUI) Intel 80386 for MS Windows AIN 1.x self-extracting archive,181
Sendmail frozen configuration  - version \334\331\001,182
Dyalog APL version 0 .0,183
GIF image data version 89a 120 x 50,184
ASCII text with CRLF CR line terminators,185
MPEG-4 LOAS,186
Macromedia Flash data (compressed) version 15,187
ELF 32-bit LSB  executable ARM EABI4 version 1 (SYSV) statically linked for GNU/Linux 2.6.14 stripped,188
dBase IV DBT of ringX\020@.DBF blocks size 1951598090 next free block index 4198404 1st item "\330\350f\377\377\377\211D$\004\203|$\004",189
PE Unknown PE signature 0x4388 (GUI) Intel 80386 (stripped to external PDB) for MS Windows,190
SYMMETRY i386 .o not stripped version 669515841,191
ELF 32-bit LSB  executable Intel 80386 version 1 (SYSV) statically linked for GNU/Linux 2.2.5 not stripped,192
Sendmail frozen configuration  - version '''''$$$#################################,193
DOS executable (block device driver SeDebu),194
dBase IV DBT of ringX\020@.DBF blocks size 1951598090 next free block index 4198404 1st item "\025A",195
gzip compressed data from Unix,196
dBase IV DBT blocks size 4296464 next free block index 4286800 1st item "\336\034\201|}\007\276(\350\331\011\332\342N&\256<O\324/K\252W\240\370d\377f\022\240\241\022\010^0\364E\177\323\\302\3326\317\237S\372\343\305<k\211\334h\364\3612\303\361cM\\322",197
PE32 executable (GUI) Intel 80386 for MS Windows Petite compressed,198
PE32 executable (DLL) (console) Intel 80386 (stripped to external PDB) for MS Windows UPX compressed,199
dBase IV DBT of ringX\020@.DBF blocks size 1951598090 next free block index 4198404 1st item "\250\377\377\377\213\310\205\311u\0053\300^[\303\241\334\245@",200
ASCII text with very long lines with no line terminators,201
ISO-8859 text with CRLF line terminators,202
HTML document Non-ISO extended-ASCII text with CRLF line terminators,203
PE32 executable (DLL) (native) Intel 80386 for MS Windows,204
HTML document Non-ISO extended-ASCII text with very long lines with CR line terminators,205
compiled Java class data version 51.0,206
PE32 executable (GUI) Intel 80386 (stripped to external PDB) for MS Windows MS CAB-Installer self-extracting archive,207
RAR archive data v1d flags: Solid os: Win32,208
MIPSEB-LE ECOFF executable not stripped - version 28.14,209
HTML document ISO-8859 text with very long lines with CRLF line terminators with overstriking,210
compiled Java class data version 49.0 (Java 1.5),211
ALAN game data,212
PC bitmap Windows 3.x format 12292 x 1 x 32,213
dBase IV DBT of ringX\020@.DBF blocks size 1951598090 next free block index 4198404 1st item "\377%\310\340B",214
Composite Document File V2 Document Little Endian Os: Windows Version 5.1 Code page: 936 Name of Creating Application: Microsoft Excel Create Time/Date: Tue Dec 17 01:32:42 1996 Last Saved Time/Date: Tue Aug 21 05:07:12 2012 Security: 0,215
ELF 32-bit LSB  executable ARM version 1 statically linked not stripped,216
PE32 executable (DLL) (GUI) Intel 80386 for MS Windows UPX compressed,217
troff or preprocessor input ISO-8859 text with very long lines with CRLF LF line terminators,218
PE Unknown PE signature 0x204d (DLL) (GUI) Intel 80386 system file for MS Windows,219
PE32+ executable (GUI) x86-64 Mono/.Net assembly for MS Windows,220
dBase IV DBT of ringX\020@.DBF blocks size 1951598090 next free block index 4198404 1st item "M",221
SYMMETRY i386 .o not stripped version 48758849,222
SysEx File - Acoustic tech. lab.,223
Targa image data - RGB - RLE,224
PE32 executable (GUI) Intel 80386 for MS Windows InnoSetup self-extracting archive,225
Non-ISO extended-ASCII text with very long lines with CRLF LF NEL line terminators,226
ARJ archive data v3 original name: MTOOLS.ARJ os: MS-DOS,227
HTML document ISO-8859 text with very long lines with CRLF LF NEL line terminators,228
HTML document ASCII text with CRLF NEL line terminators,229
HTML document ASCII text with no line terminators,230
ELF 32-bit LSB  executable Intel 80386 version 1 (SYSV) statically linked stripped,231
Non-ISO extended-ASCII text with very long lines,232
compiled Java class data version 50.0 (Java 1.6),233
UTF-8 Unicode text with CRLF line terminators,234
x86 boot sector,235
UTF-8 Unicode text with very long lines,236
POSIX shell script ASCII text executable,237
Composite Document File V2 Document Little Endian Os: Windows Version 6.1 Create Time/Date: Mon Jun 21 07:00:00 1999 Name of Creating Application: Windows Installer Security: 1 Code page: 1252 Template: Intel;1033 Number of Pages: 200 Revision Number: {E680C962-C2A0-47A5-8B02-43370D348CCC} Title: SuperForm Tax Installation Author: STF Services Corporation Number of Words: 2 Last Saved Time/Date: Tue Jan 19 15:05:59 2016 Last Printed: Tue Jan 19 15:05:59 2016,238
ASCII text with very long lines with CRLF CR line terminators,239
HTML document ASCII text with very long lines with CRLF CR line terminators,240
ELF 32-bit MSB  executable SPARC version 1 (SYSV) statically linked stripped,241
Macromedia Flash data (compressed) version 9,242
ELF 32-bit LSB  executable ARM version 1 statically linked stripped,243
python 2.7 byte-compiled,244
HTML document UTF-8 Unicode (with BOM) text with CRLF LF line terminators,245
UTF-8 Unicode text with very long lines with CRLF CR LF line terminators,246
ELF 32-bit MSB  executable SPARC version 1 (SYSV) statically linked not stripped,247
HTML document ISO-8859 text with very long lines with CR LF line terminators,248
ELF 32-bit LSB  executable ARM EABI5 version 1 (SYSV) statically linked stripped,249
GIF image data version 89a 500 x 450,250
dBase IV DBT of ringX\020@.DBF blocks size 1951598090 next free block index 4198404 1st item "\377%8\261A",251
ISO-8859 text with very long lines with CRLF LF line terminators,252
PHP script ISO-8859 text with very long lines with CRLF line terminators,253
JPEG image data JFIF standard 1.01 comment: "CREATOR: gd-jpeg v1.0 (using IJG JPEG v80) quality = 90",254
Minix filesystem V2 30 char names (big endian) 27809 zones,255
HTML document UTF-8 Unicode (with BOM) text with very long lines with CR line terminators,256
Zip archive data,257
PE32 executable (Unknown subsystem Intel 80386 for MS Windows,258
ELF 32-bit LSB  executable Intel 80386 version 1 (SYSV) statically linked not stripped,259
PHP script ISO-8859 text with CRLF line terminators,260
ELF 32-bit LSB  executable ARM EABI4 version 1 (SYSV) statically linked stripped,261
VAX COFF executable - version 3344,262
HTML document ASCII text with very long lines with CR LF line terminators,263
UTF-8 Unicode text with very long lines with no line terminators,264
RAR archive data v14 flags: Locked os: Win32,265
HTML document Non-ISO extended-ASCII text with CRLF CR LF line terminators,266
Perl script ISO-8859 text executable,267
troff or preprocessor input ISO-8859 text with CRLF line terminators,268
RAR archive data v4,269
RAR archive data v14 os: Unix,270
ASCII text with CR line terminators,271
exported SGML document ASCII text with very long lines,272
DOS executable (block device driver),273
Composite Document File V2 Document Little Endian Os: Windows Version 6.2 Code page: 1252 Author: area10 Last Saved By: Gurmeet S Malhotra Name of Creating Application: Microsoft Excel Last Printed: Thu May 28 05:07:50 2015 Create Time/Date: Wed Jun 27 07:31:03 2007 Last Saved Time/Date: Sat May  7 16:38:21 2016 Security: 0,274
HTML document Non-ISO extended-ASCII text,275
PE32 executable (GUI) Intel 80386 for MS Windows UPX compressed RAR self-extracting archive,276
HTML document UTF-8 Unicode text with very long lines with CR line terminators,277
HTML document Little-endian UTF-16 Unicode text with very long lines with CRLF CR LF line terminators,278
Microsoft Cabinet archive data 871775 bytes 1 file,279
MS Windows COFF PowerPC object file,280
C source ASCII text with CRLF LF line terminators,281
HTML document UTF-8 Unicode (with BOM) text with very long lines with CRLF LF line terminators with overstriking,282
ISO-8859 text with very long lines with CRLF line terminators,283
PHP script ASCII text with very long lines with CRLF line terminators,284
HTML document Non-ISO extended-ASCII text with CRLF CR line terminators,285
dBase IV DBT of ringX\020@.DBF blocks size 1953695242 next free block index 4198404 1st item "e Riche / Professional Software Development",286
HTML document UTF-8 Unicode (with BOM) text with no line terminators,287
HTML document ISO-8859 text with CRLF CR line terminators,288
HTML document ISO-8859 text with very long lines with CRLF CR LF NEL line terminators,289
ELF 32-bit LSB  executable Renesas SH version 1 (SYSV) statically linked stripped,290
HTML document Little-endian UTF-16 Unicode text with very long lines with CRLF line terminators,291
Composite Document File V2 Document Little Endian Os: Windows Version 6.1 Create Time/Date: Mon Jun 21 07:00:00 1999 Name of Creating Application: Windows Installer Security: 1 Code page: 1252 Template: x64;0 Number of Pages: 200 Revision Number: {1A3C91B3-781E-49DD-A3D7-7699882E4794} Title: eNativ 4.0.23.7 Author: Symen Comments: eNativ Number of Words: 2 Last Saved Time/Date: Sun Nov 22 14:00:51 2015 Last Printed: Sun Nov 22 14:00:51 2015,292
Targa image data - Mono 512 x 512,293
7-zip archive data version 0.3,294
PE32+ executable (DLL) (console) x86-64 for MS Windows,295
RAR archive data v1d flags: Archive volume os: Win32,296
PHP script ASCII text with very long lines,297
HTML document Non-ISO extended-ASCII text with very long lines with CR LF NEL line terminators,298
Palm OS dynamic library data "<br />",299
Macromedia Flash data version 6,300
HTML document ASCII text with CRLF CR LF line terminators,301
dBase IV DBT of ringX\020\001.DBF blocks size 1951598090 next free block index 69636 1st item "\377%0Q\002",302
MPEG ADTS layer III v1  96 kbps 44.1 kHz Monaural,303
dBase IV DBT of ringX\020\001.DBF blocks size 1953695242 next free block index 69636 1st item "\377%(3\003",304
dBase IV DBT of ringX\020@.DBF blocks size 1951598090 next free block index 4198404 1st item "\377%`\241A",305
dBase IV DBT of ringX\020@.DBF blocks size 1951598090 next free block index 4198404 1st item "A",306
Composite Document File V2 Document Little Endian Os: Windows Version 6.0 Code page: 1252 Title: Installation Database Subject: Scans your computer for errors that could impair performance. Author: AntiSpyware LLC Keywords: optimizer registry cleaner errors fix Comments: This installer database contains the logic and data required to install ErrorSmart. Template: Intel;1033 Revision Number: {DCDB50AA-45DC-4698-ADE0-4DB40513A48F} Create Time/Date: Thu Oct 25 20:11:30 2007 Last Saved Time/Date: Thu Oct 25 20:11:30 2007 Number of Pages: 200 Number of Words: 0 Name of Creating Application: Windows Installer XML v3.0.2420.0 Security: 2,307
Sendmail frozen configuration  - version \232\002,308
PHP script ASCII text with very long lines with no line terminators,309
PE32 executable (DLL) (GUI) Intel 80386 (stripped to external PDB) for MS Windows UPX compressed,310
PE Unknown PE signature 0x8c3 (DLL) (GUI) Intel 80386 for MS Windows,311
PE Unknown PE signature 0x0 (GUI) Unknown processor type 0xe05f for MS Windows,312
FoxPro FPT blocks size 0 next free block index 218103808 1st used item "\331",313
dBase IV DBT of ringX\020@.DBF blocks size 1951598090 next free block index 4198404 1st item "\377%\210\261A",314
PE32 executable (GUI) ARMv7 Thumb for MS Windows,315
PE Unknown PE signature 0x3d9a (GUI) Intel 80386 system file for MS Windows,316
ARJ archive data v3 original name: NEWFILES.ARJ os: MS-DOS,317
dBase IV DBT of ringX\020@.DBF blocks size 1951598090 next free block index 4198404 1st item "$\010\203|$\010",318
PE32 executable (GUI) Intel 80386 (stripped to external PDB) for MS Windows PECompact2 compressed,319
RAR archive data v14 flags: os: Win32,320
UTF-8 Unicode (with BOM) text with very long lines,321
HTML document UTF-8 Unicode text with CRLF CR line terminators,322
Composite Document File V2 Document Little Endian Os: Windows Version 5.1 Code page: 1252 Author: area10 Last Saved By: veena Name of Creating Application: Microsoft Excel Last Printed: Fri May  6 21:09:56 2016 Create Time/Date: Wed Jun 27 07:31:03 2007 Last Saved Time/Date: Fri May  6 21:11:04 2016 Security: 0,323
compiled Java class data version 52.0,324
FoxPro FPT blocks size 0 next free block index 2959294464,325
PDF document version 1.5,326
ELF 32-bit LSB  executable Renesas SH version 1 (SYSV) statically linked not stripped,327
ELF 32-bit LSB  shared object Intel 80386 version 1 (SYSV) dynamically linked BuildID[sha1]=71607db5350243b7610fe62ed8bd918996ea1ac1 stripped,328
HTML document Non-ISO extended-ASCII text with very long lines with CR LF line terminators,329
ELF 64-bit LSB  executable x86-64 version 1 (SYSV) statically linked stripped,330
UTF-8 Unicode (with BOM) text with very long lines with no line terminators,331
JPEG image data JFIF standard 1.01 comment: "..�.@�.p",332
Composite Document File V2 Document Little Endian Os: Windows Version 5.1 Code page: 936 Title: hg7\033\306\177 Author: Eric Template: Normal.dotm Last Saved By: user Revision Number: 2 Name of Creating Application: Microsoft Office Word Total Editing Time: 01:00 Last Printed: Fri Nov  6 06:58:00 2015 Create Time/Date: Tue Nov 17 03:21:00 2015 Last Saved Time/Date: Tue Nov 17 03:21:00 2015 Number of Pages: 2 Number of Words: 223 Number of Characters: 1272 Security: 0,333
UTF-8 Unicode text with CRLF LF line terminators,334
HTML document Non-ISO extended-ASCII text with CRLF LF NEL line terminators,335
JPEG image data EXIF standard 2.2,336
JAR compressed with pack200 version 150.7,337
HTML document ISO-8859 text with CR line terminators,338
UTF-8 Unicode text with very long lines with CRLF line terminators,339
RAR archive data v1d flags: os: Win32,340
ELF 32-bit LSB  executable ARM EABI4 version 1 (SYSV) statically linked not stripped,341
troff or preprocessor input UTF-8 Unicode (with BOM) text with very long lines with CRLF line terminators,342
exported SGML document ASCII text with very long lines with CRLF line terminators,343
dBase IV DBT of ringX\020@.DBF blocks size 1951598090 next free block index 4198404 1st item "u\0053\300^[\303\241H\244@",344
7-zip archive data version 0.4,345
dBase IV DBT of ringX\020@.DBF blocks size 1951598090 next free block index 4198404 1st item "\300u\0053\300^[\303\213\026\211P\010\213V\004\211P\014\213\023\211\020\211X\004\211B\004\211\003\260\001^[\303\213P\004\213\010\211",346
JPEG image data,347
xar archive - version 1,348
ELF 32-bit LSB  executable Intel 80386 version 1 (GNU/Linux) statically linked for GNU/Linux 2.6.18 not stripped,349
troff or preprocessor input UTF-8 Unicode text with very long lines with CRLF line terminators,350
XML 1.0 document UTF-8 Unicode (with BOM) text with very long lines with CRLF CR LF line terminators,351
HTML document ISO-8859 text with CR LF line terminators,352
HTML document ASCII text with CR line terminators,353
Composite Document File V2 Document Little Endian Os: MacOS Version 10.3 Code page: 10000 Title: En el marco de apertura de sus actividades para el a\365o 2010 en el auditorio Fundaci\001n Proa presenta en exclusiva el primer doc Author: Agustin Template: Normal Last Saved By: Agustin Revision Number: 3 Name of Creating Application: Microsoft Word 11.3.8 Total Editing Time: 02:00 Create Time/Date: Thu Dec 10 14:45:00 2009 Last Saved Time/Date: Thu Dec 10 14:45:00 2009 Number of Pages: 5 Number of Words: 968 Number of Characters: 5519 Security: 0,354
PHP script ASCII text with CRLF line terminators,355
PHP script UTF-8 Unicode text with very long lines,356
HTML document Non-ISO extended-ASCII text with very long lines with no line terminators,357
gzip compressed data was "rwwwshell.pl" from Unix last modified: Thu Jan 24 21:14:50 2002,358
ELF 32-bit MSB  executable MIPS MIPS-I version 1 (SYSV) statically linked not stripped,359
dBase IV DBT of ringX\020@.DBF blocks size 1951598090 next free block index 4198404 1st item "\250\377\377\377\213\310\205\311u\0053\300^[\303\241\334\345@",360
PHP script ASCII text with very long lines with CR LF line terminators,361
ELF 32-bit MSB  executable MIPS MIPS-I version 1 (SYSV) statically linked stripped,362
troff or preprocessor input Non-ISO extended-ASCII text with CRLF LF line terminators,363
dBase IV DBT of ringX\020@.DBF blocks size 1953695242 next free block index 4198404 1st item "\377%\323A",364
GIF image data version 89a 3387 x 3338,365
Macromedia Flash data (compressed) version 32,366
Macromedia Flash data version 11,367
Non-ISO extended-ASCII text with very long lines with CRLF line terminators,368
Non-ISO extended-ASCII text with very long lines with CRLF CR line terminators,369
HTML document Non-ISO extended-ASCII text with CRLF NEL line terminators,370
ELF 32-bit MSB  executable Motorola 68020 - invalid byte order version 1 (SYSV) statically linked stripped,371
FoxPro FPT blocks size 256 next free block index 1320157440,372
LHa (2.x) archive data [lh5],373
Dyalog APL version 4 .0,374
dBase IV DBT of ringX\020@.DBF blocks size 1951598090 next free block index 4198404 1st item "\377%\210qA",375
dBase IV DBT of \235\200.DBF blocks size 28672 next free block index 55173,376
NetBSD kernel core file (headersize = 55765 segmentsize = 55769 segments = -762127911),377
dBase IV DBT of ringX\020@.DBF blocks size 1951598090 next free block index 4198404 1st item "\017\200\373\030w",378
PE32 executable (DLL) (console) Intel 80386 for MS Windows UPX compressed,379
Composite Document File V2 Document Little Endian Os: Windows Version 5.1 Code page: 1252 Title: Installation Database Subject: AdwareAlert Author: C-Net Media Keywords: Installer Comments: This installer database contains the logic and data required to install AdwareAlert. Template: Intel;1033 Revision Number: {AAF2CFB4-83E4-4412-824C-587A3ED59D62} Create Time/Date: Mon Jun 30 16:05:50 2008 Last Saved Time/Date: Mon Jun 30 16:05:50 2008 Number of Pages: 200 Number of Words: 0 Name of Creating Application: Windows Installer XML v3.0.3907.0 Security: 2,380
PE Unknown PE signature 0xa370 (GUI) Intel 80386 (stripped to external PDB) system file for MS Windows,381
dBase IV DBT of ringX\020@.DBF blocks size 1951598090 next free block index 4198404 1st item "\377%X\361A",382
GIF image data version 89a 141 x 32,383
PE Unknown PE signature 0x20d0 (DLL) (GUI) Intel 80386 for MS Windows,384
Sendmail frozen configuration  - version TL\007,385
HTML document UTF-8 Unicode (with BOM) text with very long lines with CRLF CR line terminators,386
lif file,387
dBase IV DBT of T'.DBF blocks size 10046 next free block index 10034 1st item "%'\262\323C\026w\363s\035\333^CI\250Q3\036\361r\366\230\300l\023\004\030]\023\244\222\361\203\231",388
Big-endian UTF-16 Unicode text,389
dBase IV DBT of ringX\020@.DBF blocks size 1953695242 next free block index 4198404 1st item "\213H\004\213@\010\211J\004\211B\010\303\215@",390
PNG image data 340 x 62 8-bit/color RGB non-interlaced,391
Sendmail frozen configuration  - version T\243X,392
DOS executable (block device driver ?`\Hcontrol strings-support),393
dBase IV DBT of t(.DBF blocks size 10334 next free block index 10322 1st item "\361\230\300l\246\355\362\316a\010}D\306k\233\221\306\325\353\311\366\031B[\026\362\371!f~\370\215\241\371\201W\026V\351\314\2666\345\322\340\301A\011\365\2402\273\346\023\264\0356\340\373\335\226m\354",394
dBase IV DBT of ringX\020@.DBF blocks size 1951598090 next free block index 4198404 1st item "\377%T!B",395
bzip2 compressed data block size = 900k,396
TIFF image data little-endian,397
dBase IV DBT of ringX\020@.DBF blocks size 1951598090 next free block index 4198404 1st item "@",398
Minix filesystem V2 (big endian) 1280 zones,399
PE32 executable (console) Intel 80386 for MS Windows RAR self-extracting archive,400
UTF-8 Unicode (with BOM) text with very long lines with CRLF line terminators,401
dBase IV DBT of ringX\020@.DBF blocks size 1951598090 next free block index 4198404 1st item "u\0053\300^[\303\241\334\005A",402
dBase IV DBT of ringX\020@.DBF blocks size 1951598090 next free block index 4198404 1st item "^[\303\220\211",403
Composite Document File V2 Document Little Endian Os: Windows Version 5.1 Code page: 1252 Title: Installation Database Subject: Scans your computer for malicious and potentially unwanted software Author: C-Net Media Keywords: spyware antispyware Comments: This installer database contains the logic and data required to install SpywareBot. Template: Intel;1033 Revision Number: {3683AA1F-83FE-4BC3-84D1-0153C1A58EF8} Create Time/Date: Fri Feb 15 19:38:00 2008 Last Saved Time/Date: Fri Feb 15 19:38:00 2008 Number of Pages: 200 Number of Words: 0 Name of Creating Application: Windows Installer XML v3.0.2420.0 Security: 2,404
DOS executable (block device driver%yyyy),405
dBase IV DBT of ringX\020@.DBF blocks size 1951598090 next free block index 4198404 1st item "T$\004\213\013\211",406
Composite Document File V2 Document Little Endian Os: Windows Version 6.2 Code page: 1252 Title: PowerPoint Presentation Author: Qiang Comments: generated using python-pptx Last Saved By: Windows User Revision Number: 2 Name of Creating Application: Microsoft Office PowerPoint Total Editing Time: 04:00 Create Time/Date: Sun Jan 27 09:14:16 2013 Last Saved Time/Date: Wed May 18 04:24:54 2016 Number of Words: 9578,407
SYMMETRY i386 .o not stripped version 1172832321,408
dBase IV DBT of ringX\020@.DBF blocks size 1951598090 next free block index 4198404 1st item "\320\003\322\213L$\010\215T\321\004\211T$\004\213T$\004\213\013\211",409
dBase IV DBT of ringX\020@.DBF blocks size 1951598090 next free block index 4198404 1st item "\377%DaA",410
PC bitmap Windows 3.x format 648 x 24 x 8,411
PE Unknown PE signature 0x72e6 (DLL) (GUI) Intel 80386 system file for MS Windows,412
PE Unknown PE signature 0x2ad8 (DLL) (GUI) Intel 80386 (stripped to external PDB) system file for MS Windows,413
dBase IV DBT of ringX\020@.DBF blocks size 1951598090 next free block index 4198404 1st item "\377%\010\201A",414
Hitachi SH big-endian COFF executable not stripped,415
dBase IV DBT of ringX\020@.DBF blocks size 1951598090 next free block index 4198404 1st item "\377%\\241A",416
dBase IV DBT of ringX\020\001.DBF blocks size 1951598090 next free block index 69636 1st item "\003",417
dBase IV DBT of ringX\020@.DBF blocks size 1953695242 next free block index 4198404 1st item "\004\303\213\300SV\213\362\213\330\350\235\377\377\377\205\300u\0053\300^[\303\213\026\211P\010\213V\004\211P\014\213\023\211\020\211X\004\211B\004\211\003\260\001^[\303\213P\004\213\010\211",418
dBase IV DBT of ringX\020@.DBF blocks size 1951598090 next free block index 4198404 1st item "u\0053\300^[\303\241\330\305@",419
HTML document ASCII text with CRLF CR line terminators,420
Perl script ASCII text executable with CRLF line terminators,421
dBase IV DBT of ringX\020@.DBF blocks size 1951598090 next free block index 4198404 1st item "\377%4aA",422
Windows Registry text (Win2K or above),423
dBase IV DBT of ringX\020@.DBF blocks size 1951598090 next free block index 4198404 1st item "\377%D\201A",424
Palm OS dynamic library data "<html>\015",425
PE Unknown PE signature 0xf0ce (DLL) (GUI) Unknown processor type 0x188e for MS Windows,426
dBase IV DBT of ringX\020@.DBF blocks size 1951598090 next free block index 4198404 1st item "\243\314\245@",427
PE32 executable (DLL) (GUI) Intel 80386 for MS Windows Petite compressed,428
gzip compressed data from Unix max compression,429
Sendmail frozen configuration  - version \204\344\272\340-\002\316\2143\3002\203\2703h\014\252\2227\311\022sn\020g\033N \352\260\033!\221\203wo}\350T\212I\375 \202:m\202\024\210n\373rMb\014\267\244\235f\222\033\3143,430
Little-endian UTF-16 Unicode text with CRLF line terminators,431
C source ASCII text with CRLF line terminators,432
GIF image data 3425 x 15370,433
dBase IV DBT of \224(.DBF blocks size 10366 next free block index 10354 1st item "v\;U6H\203\341\206\275\301?&\227XO\226\366+\330fC\207\326\024\310\275\014\220c\325T\226m\354\216\024\321\232\277\246\350\366\260\320z:\301\206\231",434
PE32 executable (DLL) (GUI) Intel 80386 system file for MS Windows,435
Sendmail frozen configuration  - version <meta http-equiv="refresh" content="0; url=data:text/html;base6,436
HTML document ISO-8859 text with LF NEL line terminators,437
Sendmail frozen configuration  - version Vc\001,438
FoxPro FPT blocks size 0 next free block index 1207959552,439
dBase IV DBT of ringX\020@.DBF blocks size 1951598090 next free block index 4198404 1st item "\377%`\201A",440
dBase IV DBT of ringX\020@.DBF blocks size 1951598090 next free block index 4198404 1st item "\377%\034qA",441
PE Unknown PE signature 0x9fdc (DLL) (GUI) Intel 80386 (stripped to external PDB) system file for MS Windows,442
dBase IV DBT of ringX\020@.DBF blocks size 1951598090 next free block index 4198404 1st item "\377%h\321C",443
dBase IV DBT of ringX\020@.DBF blocks size 1951598090 next free block index 4198404 1st item "Х@",444
PC bitmap Windows 3.x format 8 x 5 x 32,445
DOS executable (block device driveroHcontrol strings-support),446
ELF 32-bit LSB  executable Intel 80386 version 1 (SYSV) statically linked for GNU/Linux 2.6.9 not stripped,447
dBase IV DBT of ringX\020@.DBF blocks size 1951598090 next free block index 4198404 1st item "u\354\213\006\213\020\211\026^[\303\220\211",448
DOS batch file ISO-8859 text with very long lines with CRLF NEL line terminators,449
dBase IV DBT of ringX\020@.DBF blocks size 1951598090 next free block index 4198404 1st item "\377%\034aA",450
ps database version u from kernel bu,451
PE Unknown PE signature 0xa839 (DLL) (GUI) Intel 80386 (stripped to external PDB) for MS Windows,452
dBase IV DBT of ringX\020@.DBF blocks size 1951598090 next free block index 4198404 1st item "PA",453
Sendmail frozen configuration  - version @z\004\240\274UQ\331\026\351\322<\376\034jO\016\262\325^\305\361YX$\2758\303\202z2\375\323\230JYnS\006\363\303\001\201\011`0\246\223t\011\005\210\347\364n\264c\030B_\0136\224,454
C source ASCII text,455
dBase IV DBT of ringX\020@.DBF blocks size 1951598090 next free block index 4198404 1st item "\377%\034\221A",456
PE Unknown PE signature 0xf390 (DLL) (GUI) Intel 80386 (stripped to external PDB) system file for MS Windows,457
PE Unknown PE signature 0x6c2f (DLL) (GUI) Unknown processor type 0xfad8 for MS Windows,458
ps database version \234 from kernel d\234,459
SysEx File - Oberheim,460
M3U playlist ASCII text with very long lines with CRLF line terminators,461
dBase IV DBT of ringX\020@.DBF blocks size 1951598090 next free block index 4198404 1st item "\377%X1L",462
ELF 32-bit LSB  executable Intel 80386 version 1 (SYSV) dynamically linked (uses shared libs) for GNU/Linux 2.0.0 stripped,463
C source ASCII text with very long lines,464
PE32 executable (DLL) Intel 80386 for MS Windows,465
HTML document ISO-8859 text with CRLF NEL line terminators,466
Composite Document File V2 Document Little Endian Os: Windows Version 5.1 Code page: 936 Author: User Last Saved By: User Name of Creating Application: Microsoft Excel Last Printed: Mon Dec 10 08:19:24 2012 Create Time/Date: Thu Dec  6 01:48:37 2012 Last Saved Time/Date: Mon Dec 10 08:20:16 2012 Security: 0,467
RAR archive data v5,468
HTML document UTF-8 Unicode (with BOM) text with very long lines with no line terminators,469
C source ASCII text with very long lines with CRLF LF line terminators,470
ISO-8859 text,471
HTML document Non-ISO extended-ASCII text with very long lines with CRLF CR NEL line terminators,472
PC bitmap Windows 3.x format 152 x 10 x 8,473
ELF 32-bit MSB  executable MIPS MIPS32 rel2 version 1 statically linked for GNU/Linux 2.6.16 not stripped,474
ELF 32-bit LSB  executable MIPS MIPS-I version 1 (SYSV) statically linked not stripped,475
ELF 32-bit LSB  executable MIPS MIPS-I version 1 (SYSV) statically linked stripped,476
Macromedia Flash data (compressed) version 8,477
Macromedia Flash data version 27,478
gzip compressed data was "test.tar" from FAT filesystem (MS-DOS OS/2 NT) last modified: Fri May 13 17:13:02 2016 max speed,479
Macromedia Flash data (compressed) version 14,480
ARJ archive data v3 original name: MFISCAL.ARJ os: MS-DOS,481
PDF document version 1.3,482
PE32 executable (GUI) Intel 80386 for MS Windows ZIP self-extracting archive (WinZip),483
Non-ISO extended-ASCII text with very long lines with CRLF LF line terminators,484
Composite Document File V2 Document Little Endian Os: Windows Version 6.1 Code page: 1252 Title: Installation Database Subject: OpinionSquare Author: TMRG Keywords: Installer Comments: This installer database contains the logic and data required to install OpinionSquare. Template: ;1033 Revision Number: {12345678-1234-1234-1234-123456789012} Number of Pages: 100 Number of Words: 2 Security: 2 Create Time/Date: Wed Sep 24 14:13:58 2014 Last Saved Time/Date: Wed Sep 24 14:13:58 2014 Name of Creating Application: Windows Installer XML v2.0.4611.0 (candle/light),485
UTF-8 Unicode text,486
HTML document Little-endian UTF-16 Unicode text with very long lines with CRLF CR line terminators,487
Composite Document File V2 Document Little Endian Os: Windows Version 6.1 Create Time/Date: Mon Jun 21 07:00:00 1999 Name of Creating Application: Windows Installer Code page: 932 Last Printed: Tue Feb 18 23:54:14 2014 Title: Z-PROXY Server V2 Full Set(x64) Author: K-TEC INC. Template: x64;1041 Last Saved By: KK Revision Number: {45A9228E-D195-4F39-9F2E-96CC06B55221} Last Saved Time/Date: Tue Feb 18 23:56:22 2014 Number of Pages: 200 Number of Words: 2 Security: 1,488
troff or preprocessor input ISO-8859 text with very long lines with CRLF line terminators,489
HTML document ISO-8859 text with CRLF CR LF line terminators,490
troff or preprocessor input UTF-8 Unicode text with very long lines with CRLF LF line terminators,491
Sendmail frozen configuration  - version \236N\255\275u\263\272u7-\241\2117g\276\370\025k~9e\340\352\363\006\001:s\250C\350\242C_\036\353\311\327\263\003\014\323t\263\204$gP\360\324\247(WA/\237\205\376\353\272yNJ,492
Little-endian UTF-16 Unicode text with CRLF CR line terminators,493
ELF 64-bit LSB  executable x86-64 version 1 (SYSV) statically linked not stripped,494
Microsoft Cabinet archive data 40276 bytes 2 files,495
Sendmail frozen configuration  - version p;\323\303\273\247\303\373\243\272<input class="logintxt" type="text" id="cscms_name" n,496
Macromedia Flash data (compressed) version 7,497
dBase IV DBT of ringX\020@.DBF blocks size 1951598090 next free block index 4198404 1st item "\010\211",498
PC bitmap Windows 3.x format 150 x 63 x 8,499
dBase IV DBT of ringX\020@.DBF blocks size 1951598090 next free block index 4198404 1st item "\377%0QA",500
Sendmail frozen configuration  - version @\260\004,501
PE Unknown PE signature 0x308c (DLL) (GUI) Intel 80386 (stripped to external PDB) for MS Windows,502
PE Unknown PE signature 0x45d0 (GUI) Unknown processor type 0x7d06 system file for MS Windows,503
Sendmail frozen configuration  - version \260\022,504
dBase IV DBT of ringX\020\001.DBF blocks size 1953695242 next free block index 69636 1st item "\377%\010\003\004",505
XML 1.0 document UTF-8 Unicode (with BOM) text with very long lines with CRLF line terminators,506
HTML document UTF-8 Unicode text with CR LF line terminators,507
Composite Document File V2 Document Little Endian Os: Windows Version 6.1 Code page: 1252 Title: Installation Database Subject: PermissionResearch Author: TMRG Keywords: Installer Comments: This installer database contains the logic and data required to install PermissionResearch. Template: ;1033 Revision Number: {12345678-1234-1234-1234-123456789012} Number of Pages: 100 Number of Words: 2 Security: 2 Create Time/Date: Wed Sep 24 14:13:06 2014 Last Saved Time/Date: Wed Sep 24 14:13:06 2014 Name of Creating Application: Windows Installer XML v2.0.4611.0 (candle/light),508
Microsoft OOXML,509
Composite Document File V2 Document Little Endian Os: Windows Version 6.1 Code page: 1252 Author: Admin Template: Normal Last Saved By: sony Revision Number: 2 Name of Creating Application: Microsoft Office Word Create Time/Date: Tue Jun 21 17:26:00 2016 Last Saved Time/Date: Tue Jun 21 17:26:00 2016 Number of Pages: 1 Number of Words: 0 Number of Characters: 3 Security: 0,510
Composite Document File V2 Document Little Endian Os: Windows Version 6.1 Code page: 1252 Title: Riding Rules Subject: Understand The Back Author: Royal Police Template: Normal Last Saved By: RePack by Diakov Revision Number: 789 Name of Creating Application: Microsoft Office Word Total Editing Time: 10:18:00 Create Time/Date: Fri Mar  4 09:10:00 2016 Last Saved Time/Date: Mon Jun 13 03:52:00 2016 Number of Pages: 1 Number of Words: 0 Number of Characters: 4 Security: 0,511
PC bitmap Windows 3.x format 11200 x 1 x 32,512
ACE archive data version 20 from Win/32 version 20 to extract contains AV-String (unregistered) solid,513
HTML document UTF-8 Unicode (with BOM) text with CRLF CR line terminators,514
RAR archive data v14 flags: os: Unix,515
dBase IV DBT of ringX\020@.DBF blocks size 1951598090 next free block index 4198404 1st item "$\004\203|$\004",516
7-zip archive data version 0.2,517
current ar archive,518
dBase IV DBT of ringX\020@.DBF blocks size 1951598090 next free block index 4198404 1st item "\365@",519
UTF-8 Unicode (with BOM) text,520
dBase IV DBT of ringX\020@.DBF blocks size 1951598090 next free block index 4198404 1st item "\377%\034\261A",521
HTML document UTF-8 Unicode text with CR line terminators,522
ELF 32-bit LSB  executable Intel 80386 version 1 (GNU/Linux) statically linked stripped,523
PE32 executable (GUI) Intel 80386 for MS Windows PECompact2 compressed InstallShield self-extracting archive,524
Composite Document File V2 Document Little Endian Os: Windows Version 6.1 Code page: 1252 Author: area10 Last Saved By: HP Name of Creating Application: Microsoft Excel Last Printed: Thu May 12 04:21:29 2016 Create Time/Date: Wed Jun 27 07:31:03 2007 Last Saved Time/Date: Thu May 12 04:37:16 2016 Security: 0,525
MS-DOS executable MZ for MS-DOS LHa self-extracting archive,526
PE32 executable (DLL) (GUI) Intel 80386 Mono/.Net assembly for MS Windows,527
PE32 executable (Windows CE) ARM Thumb for MS Windows UPX compressed,528
ASCII text with very long lines with CRLF CR LF line terminators,529
HTML document Non-ISO extended-ASCII text with CR LF line terminators,530
dBase IV DBT of ringX\020@.DBF blocks size 1951598090 next free block index 4198404 1st item "t\347\211\001\303\215@",531
ps database version h from kernel fh,532
ELF 32-bit MSB  executable Motorola 68020 - invalid byte order version 1 (SYSV) statically linked not stripped,533
JPEG image data JFIF standard 1.01 comment: "CREATOR: gd-jpeg v1.0 (using IJG JPEG v62) quality = 92",534
Macromedia Flash data version 32,535
JPEG image data JFIF standard 1.01 comment: "CREATOR: gd-jpeg v1.0 (using IJG JPEG v62) quality = 90",536
dBase IV DBT of ringX\020@.DBF blocks size 1953695242 next free block index 4198404 1st item "\377%xqA",537
ELF 32-bit LSB  executable ARM EABI4 version 1 (SYSV) dynamically linked (uses shared libs) not stripped,538
SysEx File - Solton,539
SYMMETRY i386 .o not stripped version 1994915905,540
PDP-11 UNIX/RT ldp,541
Sendmail frozen configuration  - version eta http-equiv="refresh" content="0; url=http://www.budaisoszob,542
Applesoft BASIC program data first line number 1,543
dBase IV DBT of ringX\020@.DBF blocks size 1951598090 next free block index 4198404 1st item "\377%h\261\332",544
Dyalog APL version 78 .221,545
Macromedia Flash data (compressed) version 10,546
dBase IV DBT of ringX\020@.DBF blocks size 1951598090 next free block index 4198404 1st item "\377%\010QA",547
SysEx File - Fostex,548
ps database version \265 from kernel \004\002,549
Microsoft Cabinet archive data 322 bytes 1 file,550
Sendmail frozen configuration  - version l^,551
dBase IV DBT of ringX\020@.DBF blocks size 1951598090 next free block index 4198404 1st item "\377%L\001\332",552
Sendmail frozen configuration  - version T\302\007,553
dBase IV DBT of ringX\020@.DBF blocks size 1951598090 next free block index 4198404 1st item "\377%0\321A",554
dBase IV DBT of ringX\020@.DBF blocks size 1951598090 next free block index 4198404 1st item "\377%\010aA",555
Applesoft BASIC program data first line number 129,556
dBase IV DBT of ringX\020@.DBF blocks size 1951598090 next free block index 4198404 1st item "\377%8qA",557
dBase IV DBT of ringX\020@.DBF blocks size 1951598090 next free block index 4198404 1st item "\377%|\201A",558
DOS executable (block device driver ?`\200Hcontrol strings-support),559
dBase IV DBT of ringX\020@.DBF blocks size 1951598090 next free block index 4198404 1st item "u\0053\300^[\303\241\334%A",560
IRIS Showcase template - version 0,561
