token_name,count
.CRT,9
.bss,1
.data,275
.idata,4
.pdata,4
.rdata,270
.reloc,58
.rsrc,160
.text,272
.upx,1
<none>,1077
??0?$basic_fstream@DU?$char_traits@D@std@@@std@@QAE@PBDH@Z,2
??0?$basic_fstream@DU?$char_traits@D@std@@@std@@QAE@XZ,5
??0?$basic_iostream@DU?$char_traits@D@std@@@std@@QAE@PAV?$basic_streambuf@DU?$char_traits@D@std@@@1@@Z,3
??0?$basic_streambuf@DU?$char_traits@D@std@@@std@@IAE@XZ,3
??0?$basic_string@DU?$char_traits@D@std@@V?$allocator@D@2@@std@@QAE@ABV01@@Z,6
??0?$basic_string@DU?$char_traits@D@std@@V?$allocator@D@2@@std@@QAE@PBDABV?$allocator@D@1@@Z,5
??0Init@ios_base@std@@QAE@XZ,13
??0_Lockit@std@@QAE@XZ,6
??0_Winit@std@@QAE@XZ,13
??0exception@@QAE@ABQBD@Z,4
??0exception@@QAE@ABV0@@Z,4
??0ios_base@std@@IAE@XZ,3
??0locale@std@@QAE@XZ,3
??1?$basic_filebuf@DU?$char_traits@D@std@@@std@@UAE@XZ,3
??1?$basic_fstream@DU?$char_traits@D@std@@@std@@UAE@XZ,4
??1?$basic_ios@DU?$char_traits@D@std@@@std@@UAE@XZ,4
??1?$basic_iostream@DU?$char_traits@D@std@@@std@@UAE@XZ,3
??1?$basic_streambuf@DU?$char_traits@D@std@@@std@@UAE@XZ,3
??1?$basic_string@DU?$char_traits@D@std@@V?$allocator@D@2@@std@@QAE@XZ,11
??1Init@ios_base@std@@QAE@XZ,13
??1_Lockit@std@@QAE@XZ,6
??1_Winit@std@@QAE@XZ,13
??1exception@@UAE@XZ,4
??1ios_base@std@@UAE@XZ,3
??1locale@std@@QAE@XZ,3
??1type_info@@UAE@XZ,25
??2@YAPAXI@Z,128
??3@YAXPAX@Z,130
??6?$basic_ostream@DU?$char_traits@D@std@@@std@@QAEAAV01@K@Z,1
??6std@@YAAAV?$basic_ostream@DU?$char_traits@D@std@@@0@AAV10@PBD@Z,1
??7ios_base@std@@QBE_NXZ,1
??8std@@YA_NABV?$basic_string@DU?$char_traits@D@std@@V?$allocator@D@2@@0@0@Z,1
??8std@@YA_NABV?$basic_string@DU?$char_traits@D@std@@V?$allocator@D@2@@0@PBD@Z,1
??9std@@YA_NABV?$basic_string@DU?$char_traits@D@std@@V?$allocator@D@2@@0@PBD@Z,3
??Hstd@@YA?AV?$basic_string@DU?$char_traits@D@std@@V?$allocator@D@2@@0@ABV10@0@Z,1
??Hstd@@YA?AV?$basic_string@DU?$char_traits@D@std@@V?$allocator@D@2@@0@ABV10@PBD@Z,3
??Mstd@@YA_NABV?$basic_string@DU?$char_traits@D@std@@V?$allocator@D@2@@0@0@Z,1
??_7?$basic_filebuf@DU?$char_traits@D@std@@@std@@6B@,3
??_7?$basic_fstream@DU?$char_traits@D@std@@@std@@6B@,3
??_7?$basic_ios@DU?$char_traits@D@std@@@std@@6B@,3
??_8?$basic_fstream@DU?$char_traits@D@std@@@std@@7B?$basic_istream@DU?$char_traits@D@std@@@1@@,3
??_8?$basic_fstream@DU?$char_traits@D@std@@@std@@7B?$basic_ostream@DU?$char_traits@D@std@@@1@@,3
??_D?$basic_fstream@DU?$char_traits@D@std@@@std@@QAEXXZ,5
??_U@YAPAXI@Z,2
??_V@YAXPAX@Z,2
?_C@?1??_Nullstr@?$basic_string@DU?$char_traits@D@std@@V?$allocator@D@2@@std@@CAPBDXZ@4DB,13
?_Copy@?$basic_string@DU?$char_traits@D@std@@V?$allocator@D@2@@std@@AAEXI@Z,10
?_Eos@?$basic_string@DU?$char_traits@D@std@@V?$allocator@D@2@@std@@AAEXI@Z,3
?_Fpz@std@@3_JB,5
?_Freeze@?$basic_string@DU?$char_traits@D@std@@V?$allocator@D@2@@std@@AAEXXZ,1
?_Grow@?$basic_string@DU?$char_traits@D@std@@V?$allocator@D@2@@std@@AAE_NI_N@Z,3
?_Init@?$basic_filebuf@DU?$char_traits@D@std@@@std@@IAEXPAU_iobuf@@W4_Initfl@12@@Z,3
?_Initcvt@?$basic_filebuf@DU?$char_traits@D@std@@@std@@IAEXXZ,3
?_Split@?$basic_string@DU?$char_traits@D@std@@V?$allocator@D@2@@std@@AAEXXZ,1
?_Tidy@?$basic_string@DU?$char_traits@D@std@@V?$allocator@D@2@@std@@AAEX_N@Z,18
?_Xlen@std@@YAXXZ,10
?_Xran@std@@YAXXZ,1
?__Fiopen@std@@YAPAU_iobuf@@PBDH@Z,3
?_type_info_dtor_internal_method@type_info@@QAEXXZ,5
?append@?$basic_string@DU?$char_traits@D@std@@V?$allocator@D@2@@std@@QAEAAV12@ABV12@II@Z,2
?append@?$basic_string@DU?$char_traits@D@std@@V?$allocator@D@2@@std@@QAEAAV12@ID@Z,1
?append@?$basic_string@DU?$char_traits@D@std@@V?$allocator@D@2@@std@@QAEAAV12@PBDI@Z,3
?assign@?$basic_string@DU?$char_traits@D@std@@V?$allocator@D@2@@std@@QAEAAV12@ABV12@II@Z,8
?assign@?$basic_string@DU?$char_traits@D@std@@V?$allocator@D@2@@std@@QAEAAV12@PBDI@Z,5
?c_str@?$basic_string@DU?$char_traits@D@std@@V?$allocator@D@2@@std@@QBEPBDXZ,1
?clear@?$basic_ios@DU?$char_traits@D@std@@@std@@QAEXH_N@Z,3
?clear@ios_base@std@@QAEXH_N@Z,3
?close@?$basic_filebuf@DU?$char_traits@D@std@@@std@@QAEPAV12@XZ,3
?close@?$basic_fstream@DU?$char_traits@D@std@@@std@@QAEXXZ,2
?cout@std@@3V?$basic_ostream@DU?$char_traits@D@std@@@1@A,1
?endl@std@@YAAAV?$basic_ostream@DU?$char_traits@D@std@@@1@AAV21@@Z,1
?erase@?$basic_string@DU?$char_traits@D@std@@V?$allocator@D@2@@std@@QAEAAV12@II@Z,1
?gcount@?$basic_istream@DU?$char_traits@D@std@@@std@@QBEHXZ,1
?insert@?$basic_string@DU?$char_traits@D@std@@V?$allocator@D@2@@std@@QAEAAV12@IPBDI@Z,1
?is_open@?$basic_fstream@DU?$char_traits@D@std@@@std@@QBE_NXZ,1
?max_size@?$basic_string@DU?$char_traits@D@std@@V?$allocator@D@2@@std@@QBEIXZ,2
?npos@?$basic_string@DU?$char_traits@D@std@@V?$allocator@D@2@@std@@2IB,9
?open@?$basic_filebuf@DU?$char_traits@D@std@@@std@@QAEPAV12@PBDH@Z,3
?open@?$basic_fstream@DU?$char_traits@D@std@@@std@@QAEXPBDH@Z,2
?read@?$basic_istream@DU?$char_traits@D@std@@@std@@QAEAAV12@PADH@Z,5
?seekg@?$basic_istream@DU?$char_traits@D@std@@@std@@QAEAAV12@V?$fpos@H@2@@Z,5
?seekp@?$basic_ostream@DU?$char_traits@D@std@@@std@@QAEAAV12@JW4seekdir@ios_base@2@@Z,2
?setstate@?$basic_ios@DU?$char_traits@D@std@@@std@@QAEXH_N@Z,3
?tellp@?$basic_ostream@DU?$char_traits@D@std@@@std@@QAE?AV?$fpos@H@2@XZ,2
?terminate@@YAXXZ,5
?write@?$basic_ostream@DU?$char_traits@D@std@@@std@@QAEAAV12@PBDH@Z,5
ADVAPI32,187
AcquireCredentialsHandleA,1
AdjustTokenPrivileges,63
AllocConsole,26
AllocateAndInitializeSid,3
AssignProcessToJobObject,3
AttachConsole,14
BeginPaint,2
BitBlt,11
BuildExplicitAccessWithNameA,1
BuildSecurityDescriptorW,3
CLSIDFromString,9
COMCTL32,9
COMDLG32,3
CRYPT32,13
CertAddCertificateContextToStore,3
CertCloseStore,5
CertEnumCertificatesInStore,3
CertEnumSystemStore,3
CertFindCertificateInStore,2
CertFreeCertificateChain,7
CertFreeCertificateContext,11
CertGetCertificateChain,7
CertGetCertificateContextProperty,3
CertGetNameStringW,3
CertNameToStrA,1
CertOpenStore,3
CertOpenSystemStoreA,2
CertVerifyCertificateChainPolicy,7
ChangeServiceConfig2A,13
ChangeServiceConfigA,8
CharLowerA,4
CharToOemA,9
CharToOemBuffA,9
CharToOemBuffW,3
CharUpperA,9
CharUpperW,5
CloseDesktop,8
CloseHandle,243
CloseServiceHandle,69
CloseWindowStation,5
CmUnRegisterCallback,1
CoCreateInstance,12
CoInitialize,3
CodeView,28
CommDlgExtendedError,3
CompareFileTime,8
CompareStringA,29
CompareStringW,28
ConnectNamedPipe,10
ContinueDebugEvent,2
ControlService,52
ConvertSidToStringSidW,3
CopyFileA,101
CopyFileW,9
CopyRect,9
CreateCompatibleBitmap,18
CreateCompatibleDC,18
CreateDCA,10
CreateDirectoryA,37
CreateDirectoryW,9
CreateEventA,54
CreateFileA,156
CreateFileMappingA,11
CreateFileMappingW,5
CreateFileW,28
CreateJobObjectW,3
CreateMutexA,49
CreateNamedPipeA,7
CreateNamedPipeW,3
CreatePipe,167
CreateProcessA,202
CreateProcessAsUserA,49
CreateProcessW,7
CreateProcessWithLogonW,16
CreateRemoteThread,11
CreateServiceA,29
CreateServiceW,3
CreateStreamOnHGlobal,9
CreateThread,160
CreateToolhelp32Snapshot,68
CreateWaitableTimerA,1
CreateWindowExA,14
CreateWindowExW,5
CredEnumerateW,3
CredFree,3
CryptAcquireCertificatePrivateKey,3
CryptAcquireContextA,12
CryptAcquireContextW,3
CryptBinaryToStringA,1
CryptCreateHash,12
CryptDecrypt,11
CryptDeriveKey,11
CryptDestroyHash,12
CryptDestroyKey,6
CryptDuplicateKey,1
CryptEncrypt,12
CryptEnumProvidersW,3
CryptExportKey,3
CryptGenRandom,1
CryptGetHashParam,1
CryptGetKeyParam,3
CryptGetProvParam,3
CryptGetUserKey,3
CryptHashData,12
CryptImportKey,1
CryptReleaseContext,6
CryptSetHashParam,1
CryptSetKeyParam,1
CryptStringToBinaryA,1
DNSAPI,1
DbgPrint,1
DebugActiveProcess,2
DebugBreak,2
DebugSetProcessKillOnExit,2
DecodePointer,7
DecryptMessage,1
DefWindowProcA,13
DefWindowProcW,5
DeleteCriticalSection,44
DeleteDC,17
DeleteFileA,90
DeleteFileW,9
DeleteObject,17
DeleteSecurityContext,1
DeleteService,23
DeleteUrlCacheEntry,13
DeregisterEventSource,15
DestroyIcon,9
DestroyWindow,11
DeviceIoControl,2
DialogBoxParamA,4
DialogBoxParamW,5
DisconnectNamedPipe,47
DispatchMessageA,14
DispatchMessageW,5
DnsFree,1
DnsQuery_A,1
DosDateTimeToFileTime,9
DrawIcon,1
DuplicateHandle,38
DuplicateTokenEx,3
EnableWindow,10
EncodePointer,7
EncryptMessage,1
EndDialog,9
EndPaint,2
EnterCriticalSection,37
EnumProcessModules,12
EnumProcesses,7
EnumServicesStatusExA,40
EnumServicesStatusExW,3
EnumSystemLocalesA,7
EnumWindows,1
ExAllocatePoolWithQuotaTag,1
ExAllocatePoolWithTag,1
ExFreePoolWithTag,1
ExitProcess,94
ExitThread,56
ExitWindowsEx,8
ExpandEnvironmentStringsA,56
ExpandEnvironmentStringsW,6
FLTMGR,1
FileTimeToLocalFileTime,13
FileTimeToSystemTime,20
FillConsoleOutputCharacterW,3
FindClose,18
FindFirstFileA,25
FindFirstFileW,12
FindFirstVolumeA,6
FindNextFileA,23
FindNextFileW,14
FindResourceA,14
FindResourceExA,1
FindResourceW,5
FindVolumeClose,5
FindWindowExA,15
FindWindowExW,5
FlsAlloc,3
FlsFree,3
FlsGetValue,3
FlsSetValue,3
FltEnumerateFilters,1
FltEnumerateInstances,1
FltGetFilterInformation,1
FltGetVolumeFromInstance,1
FltObjectDereference,1
FlushConsoleInputBuffer,12
FlushFileBuffers,63
FormatMessageA,5
FormatMessageW,3
FreeConsole,18
FreeContextBuffer,1
FreeCredentialsHandle,1
FreeEnvironmentStringsA,55
FreeEnvironmentStringsW,62
FreeLibrary,71
FreeLibraryAndExitThread,2
FreeResource,2
FreeSid,3
GDI32,20
GenerateConsoleCtrlEvent,1
GetACP,62
GetAdaptersInfo,2
GetCPInfo,71
GetClassNameA,4
GetClassNameW,5
GetClientRect,10
GetCommandLineA,67
GetCommandLineW,8
GetComputerNameA,98
GetComputerNameExW,3
GetComputerNameW,5
GetConsoleCP,23
GetConsoleDisplayMode,30
GetConsoleMode,23
GetConsoleOutputCP,16
GetConsoleScreenBufferInfo,3
GetCurrentDirectoryA,51
GetCurrentDirectoryW,8
GetCurrentProcess,190
GetCurrentProcessId,45
GetCurrentThread,59
GetCurrentThreadId,47
GetDC,18
GetDIBits,11
GetDateFormatA,4
GetDateFormatW,5
GetDesktopWindow,19
GetDeviceCaps,17
GetDiskFreeSpaceA,8
GetDiskFreeSpaceExA,10
GetDiskFreeSpaceExW,5
GetDiskFreeSpaceW,5
GetDlgItem,9
GetDlgItemTextA,4
GetDlgItemTextW,5
GetDriveTypeA,56
GetDriveTypeW,5
GetEnvironmentStrings,55
GetEnvironmentStringsW,62
GetEnvironmentVariableA,87
GetEnvironmentVariableW,10
GetExitCodeProcess,64
GetExitCodeThread,20
GetFileAttributesA,59
GetFileAttributesExA,10
GetFileAttributesW,9
GetFileInformationByHandle,4
GetFileSize,71
GetFileTime,2
GetFileTitleA,1
GetFileType,82
GetFullPathNameA,12
GetFullPathNameW,5
GetKernelObjectSecurity,1
GetLastError,203
GetLocalTime,54
GetLocaleInfoA,27
GetLocaleInfoW,12
GetLogicalDriveStringsA,2
GetLogicalDrives,35
GetLongPathNameA,25
GetMessageA,14
GetMessageW,5
GetModuleBaseNameA,4
GetModuleFileNameA,210
GetModuleFileNameExA,8
GetModuleFileNameW,24
GetModuleHandleA,212
GetModuleHandleW,27
GetModuleInformation,2
GetNativeSystemInfo,3
GetNumberFormatA,4
GetNumberFormatW,5
GetOEMCP,62
GetObjectA,5
GetObjectW,5
GetOpenFileNameW,3
GetParent,9
GetPrivateProfileStringA,7
GetProcAddress,163
GetProcessHeap,48
GetProcessId,3
GetProcessTimes,3
GetProcessWindowStation,15
GetSaveFileNameW,3
GetSecurityDescriptorDacl,1
GetSecurityInfo,1
GetShortPathNameA,81
GetShortPathNameW,10
GetStartupInfoA,231
GetStartupInfoW,7
GetStdHandle,92
GetStockObject,10
GetStringTypeA,55
GetStringTypeW,62
GetSysColor,9
GetSystemDirectoryA,127
GetSystemInfo,8
GetSystemMetrics,12
GetSystemPowerStatus,11
GetSystemTime,40
GetSystemTimeAsFileTime,29
GetTempFileNameA,23
GetTempPathA,96
GetTempPathW,5
GetThreadContext,2
GetThreadDesktop,8
GetTickCount,61
GetTimeFormatA,4
GetTimeFormatW,5
GetTimeZoneInformation,20
GetTokenInformation,52
GetUserDefaultLCID,9
GetUserNameA,33
GetUserNameExA,34
GetUserNameExW,3
GetUserObjectInformationA,8
GetUserObjectInformationW,15
GetUserProfileDirectoryA,16
GetVersion,61
GetVersionExA,74
GetVersionExW,10
GetVolumeInformationA,46
GetWindow,9
GetWindowLongA,5
GetWindowLongW,5
GetWindowRect,10
GetWindowTextA,5
GetWindowTextW,5
GetWindowThreadProcessId,1
GetWindowsDirectoryA,56
GlobalAlloc,12
GlobalFree,22
GlobalLock,2
GlobalMemoryStatus,18
GlobalUnlock,2
Heap32ListFirst,8
Heap32ListNext,8
HeapAlloc,87
HeapCreate,62
HeapDestroy,43
HeapFree,81
HeapReAlloc,71
HeapSetInformation,6
HeapSize,39
HeapValidate,2
HttpAddRequestHeadersA,86
HttpAddRequestHeadersW,9
HttpEndRequestA,58
HttpOpenRequestA,117
HttpOpenRequestW,9
HttpQueryInfoA,64
HttpQueryInfoW,9
HttpSendRequestA,110
HttpSendRequestExA,49
HttpSendRequestExW,9
INIT,1
I_RpcGetBuffer,1
ImpersonateLoggedOnUser,11
InitCommonControlsEx,5
InitializeCriticalSection,32
InitializeCriticalSectionAndSpinCount,22
InitializeSecurityContextA,1
InstallService,6
InterlockedCompareExchange,7
InterlockedDecrement,28
InterlockedExchange,8
InterlockedIncrement,28
InternetAttemptConnect,18
InternetCloseHandle,152
InternetConnectA,115
InternetConnectW,9
InternetCrackUrlA,12
InternetCrackUrlW,9
InternetGetConnectedState,16
InternetOpenA,143
InternetOpenUrlA,61
InternetOpenW,9
InternetQueryDataAvailable,27
InternetQueryOptionA,65
InternetReadFile,127
InternetSetCookieA,13
InternetSetCookieW,9
InternetSetOptionA,69
InternetSetOptionExA,2
InternetSetOptionW,14
InternetWriteFile,58
IoCreateDevice,1
IoCreateSymbolicLink,1
IoDeleteDevice,1
IoDeleteSymbolicLink,1
IoEnumerateRegisteredFiltersList,1
IofCompleteRequest,1
IsBadCodePtr,18
IsBadReadPtr,23
IsBadWritePtr,20
IsDBCSLeadByte,9
IsDebuggerPresent,30
IsIconic,1
IsProcessorFeaturePresent,4
IsValidCodePage,22
IsValidLocale,7
IsWindow,9
IsWindowVisible,9
KERNEL32,273
KeBugCheckEx,1
Kernel32,1
KillTimer,1
LCMapStringA,55
LCMapStringW,62
LZ32,5
LZClose,5
LZCopy,5
LZOpenFileA,5
LeaveCriticalSection,37
LoadAcceleratorsA,2
LoadBitmapA,4
LoadBitmapW,5
LoadCursorA,6
LoadCursorW,5
LoadIconA,7
LoadIconW,5
LoadImageA,1
LoadLibraryA,153
LoadLibraryExA,1
LoadLibraryW,12
LoadResource,11
LoadStringA,60
LoadStringW,5
LocalAlloc,20
LocalFileTimeToFileTime,9
LocalFree,30
LocalReAlloc,1
LockResource,7
LockServiceDatabase,10
LogonUserA,13
LookupAccountSidA,49
LookupAccountSidW,3
LookupPrivilegeNameW,3
LookupPrivilegeValueA,57
LookupPrivilegeValueW,6
LsaClose,2
LsaEnumerateLogonSessions,2
LsaFreeMemory,2
LsaFreeReturnBuffer,2
LsaGetLogonSessionData,2
LsaOpenPolicy,2
LsaQueryInformationPolicy,2
MFC42,10
MPR,1
MSVCP60,30
MSVCR80,3
MSVCR90,2
MSVCRT,196
MakeAbsoluteSD,1
MapViewOfFile,16
MapWindowPoints,9
Mcdl,1
MessageBoxA,21
MessageBoxW,7
MmGetSystemRoutineAddress,1
Module32First,14
Module32FirstW,3
Module32Next,8
Module32NextW,3
MoveFileA,14
MoveFileExA,6
MoveFileExW,5
MoveFileW,5
MultiByteToWideChar,101
NETAPI32,17
NdrConvert,1
NdrNonConformantStringMarshall,1
NdrNonConformantStringUnmarshall,1
NdrServerInitializeNew,1
NetApiBufferFree,8
NetServerEnum,8
NetShareGetInfo,1
Netbios,8
NtBuildNumber,1
OLE32,2
OLEAUT32,7
ObOpenObjectByPointer,1
ObfDereferenceObject,1
OemToCharA,9
OemToCharBuffA,9
OleInitialize,9
OleUninitialize,9
OpenDesktopA,8
OpenFile,2
OpenFileMappingA,1
OpenFileMappingW,5
OpenInputDesktop,8
OpenProcess,108
OpenProcessToken,108
OpenSCManagerA,63
OpenSCManagerW,3
OpenServiceA,66
OpenServiceW,3
OpenThread,5
OpenWindowStationA,8
OutputDebugStringA,32
PAGE,1
PFXExportCertStoreEx,3
PSAPI,14
PathCanonicalizeW,3
PathCombineW,3
PathFileExistsA,2
PathIsDirectoryA,2
PathIsRelativeW,3
PeekMessageA,4
PeekMessageW,5
PeekNamedPipe,153
PostMessageA,12
PostMessageW,5
PostQuitMessage,3
PostThreadMessageW,3
ProceA,1
Process32First,62
Process32FirstW,3
Process32Next,65
Process32NextW,3
PsDereferencePrimaryToken,1
PsGetProcessId,1
PsGetProcessImageFileName,1
PsGetVersion,1
PsInitialSystemProcess,1
PsProcessType,1
PsReferencePrimaryToken,1
PsSetCreateProcessNotifyRoutine,1
PsSetCreateThreadNotifyRoutine,1
PsSetLoadImageNotifyRoutine,1
QueryContextAttributesA,1
QueryPerformanceCounter,38
QueryPerformanceFrequency,8
QueryServiceConfig2A,8
QueryServiceConfigA,9
QueryServiceObjectSecurity,3
QueryServiceStatus,11
QueryServiceStatusEx,1
RPCRT4,1
RaiseException,38
ReadConsoleInputA,1
ReadDirectoryChangesW,3
ReadFile,209
ReadProcessMemory,5
RealizePalette,10
RegCloseKey,119
RegConnectRegistryA,1
RegCreateKeyA,22
RegCreateKeyExA,38
RegCreateKeyExW,5
RegDeleteKeyA,8
RegDeleteValueA,30
RegEnumKeyExA,9
RegEnumKeyExW,2
RegEnumValueA,8
RegOpenKeyA,10
RegOpenKeyExA,75
RegOpenKeyExW,10
RegQueryInfoKeyA,8
RegQueryInfoKeyW,2
RegQueryValueExA,50
RegQueryValueExW,8
RegSaveKeyA,8
RegSetValueExA,85
RegSetValueExW,14
RegisterClassExA,13
RegisterClassExW,5
RegisterEventSourceA,13
RegisterEventSourceW,2
RegisterServiceCtrlHandlerA,38
ReleaseDC,17
ReleaseMutex,11
RemoveDirectoryA,8
ReportEventA,13
ReportEventW,2
ResetEvent,15
ResumeThread,5
RevertToSelf,11
RpcMgmtStopServerListening,1
RpcRaiseException,1
RpcServerListen,1
RpcServerRegisterIf,1
RpcServerUseProtseqEpA,1
RtlCaptureContext,3
RtlCompareMemory,1
RtlInitUnicodeString,1
RtlLookupFunctionEntry,3
RtlPcToFileHeader,3
RtlUnwind,64
RtlUnwindEx,4
RtlVirtualUnwind,3
RundllInstall,6
RundllInstallA,6
RundllUninstall,6
RundllUninstallA,6
SHAutoComplete,5
SHBrowseForFolderA,4
SHBrowseForFolderW,5
SHChangeNotify,53
SHCreateDirectoryExA,7
SHELL32,114
SHFileOperationA,4
SHFileOperationW,5
SHGetFileInfoA,4
SHGetFileInfoW,5
SHGetMalloc,9
SHGetPathFromIDListA,5
SHGetPathFromIDListW,5
SHGetSpecialFolderLocation,10
SHGetSpecialFolderPathA,6
SHGetSpecialFolderPathW,9
SHLWAPI,13
Secur32,40
SelectObject,18
SelectPalette,10
SendDlgItemMessageA,4
SendDlgItemMessageW,5
SendMessageA,16
SendMessageW,5
ServiceInstall,6
ServiceMain,28
SetConsoleCtrlHandler,2
SetConsoleCursorPosition,3
SetConsoleMode,1
SetConsoleTitleW,3
SetCurrentDirectoryA,60
SetCurrentDirectoryW,5
SetCursorPos,8
SetDlgItemTextA,4
SetDlgItemTextW,5
SetEndOfFile,61
SetEntriesInAclA,2
SetEnvironmentVariableA,30
SetEnvironmentVariableW,5
SetErrorMode,13
SetEvent,46
SetFileAttributesA,26
SetFileAttributesW,9
SetFilePointer,88
SetFileSecurityA,3
SetFileSecurityW,3
SetFileTime,20
SetFocus,9
SetForegroundWindow,6
SetHandleCount,62
SetKernelObjectSecurity,1
SetLastError,64
SetMenu,4
SetNamedPipeHandleState,2
SetPriorityClass,60
SetProcessPriorityBoost,58
SetProcessWindowStation,8
SetSecurityDescriptorDacl,1
SetSecurityInfo,1
SetServiceObjectSecurity,3
SetServiceStatus,38
SetStdHandle,87
SetThreadContext,2
SetThreadDesktop,8
SetThreadPriority,58
SetTimer,1
SetUnhandledExceptionFilter,47
SetVolumeLabelA,2
SetWaitableTimer,1
SetWindowLongA,4
SetWindowLongW,5
SetWindowPos,10
SetWindowTextA,4
SetWindowTextW,5
ShellExecuteA,32
ShellExecuteExA,62
ShellExecuteExW,5
ShellExecuteW,10
ShowWindow,12
SizeofResource,10
Sleep,252
StartServiceA,56
StartServiceCtrlDispatcherA,14
StartServiceW,3
StrToIntA,1
StretchBlt,7
SuspendThread,3
SystemTimeToFileTime,28
TerminateJobObject,3
TerminateProcess,186
TerminateThread,89
Thread32First,11
Thread32Next,11
TlsAlloc,28
TlsFree,25
TlsGetValue,28
TlsSetValue,28
Toolhelp32ReadProcessMemory,8
TranslateAcceleratorA,2
TranslateMessage,19
URLDownloadToFileA,61
USER32,111
USERENV,16
UnServiceInstall,6
UnhandledExceptionFilter,64
UninstallService,6
UnlockServiceDatabase,10
UnmapViewOfFile,16
UpdateWindow,12
VirtualAlloc,64
VirtualAllocEx,19
VirtualFree,58
VirtualFreeEx,15
VirtualProtect,7
VirtualProtectEx,5
VirtualQueryEx,2
WINHTTP,11
WININET,161
WINMM,4
WNetAddConnection2A,1
WNetCancelConnection2A,1
WS2_32,112
WSACloseEvent,6
WSACreateEvent,6
WSAEnumNetworkEvents,6
WSAEventSelect,6
WSAResetEvent,6
WSASocketA,15
WSAWaitForMultipleEvents,6
WTSAPI32,3
WTSCloseServer,3
WTSEnumerateProcessesW,3
WTSEnumerateSessionsW,3
WTSFreeMemory,3
WTSOpenServerW,3
WaitForDebugEvent,2
WaitForInputIdle,12
WaitForMultipleObjects,53
WaitForSingleObject,125
WaitNamedPipeW,2
WideCharToMultiByte,87
WinExec,22
WinHttpAddRequestHeaders,1
WinHttpCloseHandle,11
WinHttpConnect,11
WinHttpCrackUrl,1
WinHttpGetIEProxyConfigForCurrentUser,11
WinHttpGetProxyForUrl,11
WinHttpOpen,11
WinHttpOpenRequest,11
WinHttpQueryDataAvailable,1
WinHttpQueryHeaders,1
WinHttpQueryOption,10
WinHttpReadData,11
WinHttpReceiveResponse,11
WinHttpSendRequest,11
WinHttpSetOption,11
WinHttpSetTimeouts,1
WinHttpWriteData,11
WriteConsoleA,16
WriteConsoleInputA,30
WriteConsoleW,23
WriteFile,203
WritePrivateProfileStringA,7
WriteProcessMemory,14
ZwClose,1
ZwDuplicateToken,1
ZwOpenProcessTokenEx,1
ZwQuerySystemInformation,1
ZwSetInformationProcess,1
_CxxThrowException,30
_EH_prolog,33
_XcptFilter,168
__CppXcptFilter,3
__CxxFrameHandler,102
__CxxFrameHandler3,5
__clean_type_info_names_internal,3
__dllonexit,58
__getmainargs,169
__iob_func,3
__p___initenv,29
__p__commode,168
__p__environ,1
__p__fmode,169
__set_app_type,169
__setusermatherr,168
_access,1
_acmdln,139
_adjust_fdiv,198
_alldiv,5
_allmul,5
_alloca_probe,5
_allshl,2
_amsg_exit,5
_atoi64,8
_aulldiv,5
_aullrem,5
_aullshr,5
_beginthread,28
_beginthreadex,16
_cexit,3
_chdir,7
_chkstk,5
_close,1
_configthreadlocale,2
_controlfp,166
_controlfp_s,2
_crt_debugger_hook,5
_decode_pointer,5
_encode_pointer,5
_encoded_null,3
_endthreadex,5
_errno,12
_except_handler3,179
_except_handler4_common,5
_exit,171
_fdopen,8
_filelength,2
_fileno,3
_findclose,5
_findfirst,3
_findfirst64i32,2
_findnext,3
_findnext64i32,2
_ftime,1
_ftime64,2
_ftol,27
_get_osfhandle,2
_getch,11
_getcwd,3
_gmtime32,1
_initterm,198
_initterm_e,5
_invoke_watson,2
_iob,26
_ismbblead,2
_itoa,49
_lclose,2
_local_unwind2,3
_localtime64,2
_localtime64_s,2
_lock,5
_lopen,4
_malloc_crt,3
_mbschr,2
_mbscmp,18
_mbsicmp,4
_mbsinc,1
_mbsnbcat,8
_mbsnbcmp,10
_mbsnbcpy,10
_mbsrchr,9
_mkdir,1
_onexit,59
_open,1
_purecall,5
_read,1
_setmbcp,1
_setmode,12
_snprintf,16
_splitpath,4
_stat,11
_stat32,1
_strcmpi,38
_strdate,6
_stricmp,45
_strlwr,2
_strnicmp,85
_strtime,6
_strupr,1
_time32,1
_time64,5
_ui64toa,3
_ultoa,5
_unlink,1
_unlock,5
_vsnprintf,14
_vsnwprintf,1
_wcsicmp,1
_wcsnicmp,28
_wfopen,9
abort,6
abs,3
addLogonSession,2
asctime_s,2
atexit,1
atof,19
atoi,131
atol,95
ceil,8
comdlg32,1
delLogonSession,2
exit,169
fclose,108
fflush,55
fgetc,3
fgetpos,1
fgets,14
floor,2
fopen,107
fprintf,22
fputc,8
fputs,11
fread,73
free,120
freopen,10
fseek,74
ftell,55
fwprintf,8
fwrite,92
getDescription,2
getLocalAccounts,2
getLogonPasswords,2
getLogonSessions,2
getMSV,2
getMSVFunctions,2
getSAMFunctions,2
getSECFunctions,2
getSecrets,2
getTsPkg,2
getTsPkgFunctions,2
getWDigest,2
getWDigestFunctions,2
getchar,3
getenv,32
gmtime,10
install,4
installA,3
iphlpapi,2
isalnum,1
isdigit,13
islower,2
isprint,1
isspace,12
isupper,11
isxdigit,11
keybd_event,3
localtime,7
lstrcatA,108
lstrcatW,1
lstrcmpiA,11
lstrcpyA,84
lstrcpynA,6
lstrlenA,38
lstrlenW,1
malloc,112
mbstowcs,10
memchr,10
memcmp,14
memcpy,68
memmove,26
memset,106
mouse_event,8
msvcrt,1
nNOTES,1
ntdll,5
ntoskrnl,1
ole32,10
ping,2
printf,43
qsort,11
raise,5
rand,60
realloc,30
rewind,3
scanf,7
setlocale,9
signal,13
sprintf,160
srand,57
sscanf,87
strcat,91
strchr,112
strcmp,41
strcpy,89
strerror,1
strftime,7
strlen,103
strncat,35
strncmp,50
strncpy,75
strpbrk,1
strrchr,83
strstr,115
strtok,10
strtoul,11
system,6
time,67
timeGetTime,4
tolower,12
uninstall,4
uninstallA,3
urlmon,61
vfprintf,11
vsprintf,2
wcscat,12
wcschr,1
wcscmp,12
wcscpy,12
wcslen,15
wcsrchr,9
wcsstr,11
wcstombs,35
wprintf,1
wsprintfA,20
wsprintfW,5
wvsprintfA,9
wvsprintfW,5
