.bss,41
.comment,40
.ctors,4
.data,22
.debug_abbrev,6
.debug_aranges,6
.debug_frame,5
.debug_info,6
.debug_line,6
.debug_loc,3
.debug_pubnames,1
.debug_ranges,3
.debug_str,3
.dtors,4
.dynamic,2
.eh_frame,7
.eh_frame_hdr,2
.fini,1
.fini_array,5
.gcc_except_table,3
.gnu_debuglink,1
.gnu_extab,1
.got,18
.init_array,3
.jcr,10
.noptrbss,1
.pdr,7
.plt,1
.preinit_array,1
.rodata,2
.sbss,8
.sdata,2
.shstrtab,41
.strtab,17
.symtab,17
.tbss,5
.tdata,5
.text,1
__libc_atexit,2
__libc_freeres_pt,5
__libc_subfreeres,2
__libc_thread_sub,5
